Latitude,Longitude,Climb,Difficulty,Area
36.340200," -80.480780","Gentle Ben",5.10a,"Pilot Mountain"
36.39965," -80.29077","It's A Trap",V1,"Moores Wall Bouldering"
36.39965," -80.29077",Oh-V1-Kenobi,V0-,"Moores Wall Bouldering"
36.39965," -80.29077","The Taoist",V0-,"Moores Wall Bouldering"
36.39965," -80.29077",V3PO,V2-,"Moores Wall Bouldering"
36.39965," -80.29077","Admiral Aretebar",V1-,"Moores Wall Bouldering"
36.39965," -80.29077","What's In A Name",V2-,"Moores Wall Bouldering"
36.39965," -80.29077","Boone Lounge",V2-,"Moores Wall Bouldering"
36.39965," -80.29077","The Kessel Run",V2-,"Moores Wall Bouldering"
36.340200," -80.480780",Eurozone,5.10a,"Pilot Mountain"
36.340200," -80.480780","Pump Street",5.10a,"Pilot Mountain"
36.340200," -80.480780","Mild Mannered Secretary",5.7,"Pilot Mountain"
36.340200," -80.480780",Goldilocks,5.5,"Pilot Mountain"
36.340200," -80.480780","Place Your Bet",5.7,"Pilot Mountain"
36.340200," -80.480780","Blind Prophet Lite","5.11b, PG13","Pilot Mountain"
38.833800," -79.366300",Discrepancy,5.8,"Seneca Rocks"
38.833800," -79.366300","The Warlock",5.9+,"Seneca Rocks"
38.833800," -79.366300","Conn's East Direct",5.8,"Seneca Rocks"
38.833800," -79.366300","Alcoa Presents",5.8,"Seneca Rocks"
38.833800," -79.366300","Spock's Brain",5.11a,"Seneca Rocks"
36.39993," -80.28257","Do or Dive",5.10a,"Moores Amphitheater"
36.39993," -80.28257","Nuclear Crayon","5.10d, PG13","Moores Amphitheater"
36.39764," -80.28578","Blue Chock",5.10b,"Moores Central Wall"
36.39764," -80.28578",Washboard,5.6,"Moores Central Wall"
36.3916," -81.0473","Bombay Groove aka Yankee Go Home","5.10a, PG13","Stone Mountain"
36.3916," -81.0473","Mercury's Lead","5.9, R","Stone Mountain"
36.340200," -80.480780","Pole Dancing",5.7,"Pilot Mountain"
36.340200," -80.480780","Baby Bear",5.11a,"Pilot Mountain"
36.340200," -80.480780","Mama Bear",5.10b,"Pilot Mountain"
35.87908," -81.88682","The Tumbler",5.6,"The Chimneys"
35.87908," -81.88682","The Humbler",5.6,"The Chimneys"
36.340200," -80.480780","Black Rain",5.9,"Pilot Mountain"
36.340200," -80.480780","Smooth Sailing (aka Lloyd Would Have Liked It)",5.10a,"Pilot Mountain"
36.340200," -80.480780","Henar Lite",5.10c,"Pilot Mountain"
36.340200," -80.480780","Papa Bear",5.10b,"Pilot Mountain"
36.340200," -80.480780","The Herculean Test",5.10d,"Pilot Mountain"
36.340200," -80.480780","I Gotta Wear Shades",5.9,"Pilot Mountain"
36.09764," -81.77188","White Trash",5.10a,"The Dump"
36.16644," -78.44528",Redacted,5.10a,"The Trestle"
36.16644," -78.44528","Iced Tee",5.8+,"The Trestle"
36.16644," -78.44528","All Gold Everything",5.9,"The Trestle"
36.16644," -78.44528","Tee Ball",5.6,"The Trestle"
36.16644," -78.44528","Tight Rope",5.8,"The Trestle"
36.340200," -80.480780","Teflon Toes",5.11a,"Pilot Mountain"
35.88831," -81.88519","North Ridge",5.5,"Table Rock"
35.88831," -81.88519","My Route",5.6,"Table Rock"
36.61218," -81.49118","Highlands Lowball (corner version) Arete",V2,"Grayson Highlands"
36.61218," -81.49118","All Things Considered",V2-,"Grayson Highlands"
36.61218," -81.49118","Sunset Arete",V0-,"Grayson Highlands"
36.61218," -81.49118","The Hive",V2-,"Grayson Highlands"
36.61218," -81.49118",Colony,V1-,"Grayson Highlands"
36.61218," -81.49118","Eye of the Narwhal",V3-,"Grayson Highlands"
36.61218," -81.49118",Honeycomb,V0,"Grayson Highlands"
36.61218," -81.49118","Bumble Bee",V0,"Grayson Highlands"
36.61218," -81.49118",Benadryl,V0,"Grayson Highlands"
36.069401," -78.891996","Flatten your Curves",5.7,"Teer Quarry"
38.09332," -81.09376","Bubba Safari","5.8, PG13","Bubba City"
38.09332," -81.09376","Basic Bubba Crack",5.9,"Bubba City"
38.09332," -81.09376","Eight Ball in the Side Pocket",5.12a,"Bubba City"
38.09332," -81.09376","Daisy Cutter",5.7,"Bubba City"
38.09332," -81.09376","My Sister Makes Cluster Bombs",5.11c,"Bubba City"
38.09332," -81.09376",Werewolf,"5.10a, PG13","Bubba City"
38.09332," -81.09376","Fred Sandstone Flake",5.9,"Bubba City"
38.08299," -81.08043","The Distortionist",5.6,"The Junkyard"
38.08299," -81.08043","Rapscallion's Blues",5.10c,"The Junkyard"
38.24193," -80.84067","That Eight",5.8-,"Narcissus Cave"
37.8446," -83.6686","Flight Path",5.10b,"Long Wall"
37.8446," -83.6686","Going Ballistic",5.10d,"Long Wall"
38.0508," -81.03146","You Want It, You Got It",5.9,"Beauty Mountain"
38.0508," -81.03146","Brain Storm",5.8,"Beauty Mountain"
38.0508," -81.03146","Brain Tweezers",5.10c,"Beauty Mountain"
38.07178," -81.08006",Jaws,5.9+,"Bridge Buttress"
38.07178," -81.08006","Stretch Armstrong",5.12a,"Bridge Buttress"
38.08299," -81.08043",Realignment,5.10d,"The Junkyard"
38.08299," -81.08043","Jumpin' Jack Flash",5.7+,"The Junkyard"
38.08299," -81.08043","Reaching New Heights",5.11b,"The Junkyard"
38.08299," -81.08043","Reachers of Habit",5.11b,"The Junkyard"
38.08299," -81.08043","The Entertainer",5.10a,"The Junkyard"
38.08299," -81.08043","Warm-up Roof",V1-,"The Junkyard"
38.08299," -81.08043","Big Alternative",V3-,"The Junkyard"
38.05508," -81.05767",Fantasy,5.8,"Endless Wall"
38.05508," -81.05767","Doce Doe",5.8,"Endless Wall"
38.05508," -81.05767","Black and Tan",5.10a,"Endless Wall"
38.05508," -81.05767","Celibate Mallard",5.10c,"Endless Wall"
38.05508," -81.05767","The Undeserved",5.10b,"Endless Wall"
38.05508," -81.05767","The Grafenburg Crack",5.9-,"Endless Wall"
38.05508," -81.05767","Can I Do It Till I Need Glasses",5.10c,"Endless Wall"
38.05508," -81.05767",Remission,5.10b,"Endless Wall"
38.0607," -81.0671","Anal Clenching Adventures",5.10a,"Fern Buttress"
38.0607," -81.0671",Hysteria,5.8,"Fern Buttress"
38.0607," -81.0671",Crescenta,5.10a,"Fern Buttress"
38.0607," -81.0671","Wild Seed",5.11a,"Fern Buttress"
35.44953," -82.21258","Whisky For Breakfast","5.10d, PG13","Cereal Buttress"
36.069401," -78.891996","The Medallion",5.10a,"Teer Quarry"
35.2477," -85.22077","Costume Rings",V0-,"Stone Fort"
35.2477," -85.22077",Dice,V1-,"Stone Fort"
35.2477," -85.22077","Fire Crack Flake",V0-,"Stone Fort"
35.2477," -85.22077","Needless Things",V0-,"Stone Fort"
35.2477," -85.22077","Two Can Sam",V2-,"Stone Fort"
35.2477," -85.22077",Incredarete,V0-,"Stone Fort"
36.09055," -84.70502","Rover B. Dog",5.10a,"Tieranny Roofs"
36.09055," -84.70502","Dutch Boy",5.10b,"Tieranny Roofs"
36.09055," -84.70502","Huecool Junior",5.10c,"Tieranny Roofs"
36.09055," -84.70502",Trundlerama,5.11a,"Tieranny Roofs"
36.61218," -81.49118",Slabacious,V0,"Grayson Highlands"
36.61218," -81.49118","Highland Highball",V1-,"Grayson Highlands"
36.61218," -81.49118","Windy Heights",V0-,"Grayson Highlands"
36.61218," -81.49118","Peace of Westphalia (PoW)",V0,"Grayson Highlands"
36.61218," -81.49118","Magnetic North",V0-,"Grayson Highlands"
36.61218," -81.49118","East Of Eden",V0-,"Grayson Highlands"
35.44953," -82.21258","Fruit Loops",5.7+,"Cereal Buttress"
35.44953," -82.21258",Granola,5.8+,"Cereal Buttress"
38.2422," -80.83949","Chunko Goes Bowling",5.9+,"Orange Oswald Wall"
38.2422," -80.83949","Orange Oswald",5.10a,"Orange Oswald Wall"
38.2422," -80.83949","Orange Express",5.10b,"Orange Oswald Wall"
38.2422," -80.83949","She Got the Bosch, I Got Drilled",5.10a,"Orange Oswald Wall"
38.24193," -80.84067","Sniff the Drill",5.8,"Narcissus Cave"
38.24193," -80.84067","Jeff's Bunny Hop",5.8,"Narcissus Cave"
38.08299," -81.08043","New River Gunks",5.7+,"The Junkyard"
38.08299," -81.08043","Team Jesus",5.10a,"The Junkyard"
38.08299," -81.08043","Cave Routes  1 and  2",5.7,"The Junkyard"
35.88831," -81.88519",Crackerjack,5.8,"Table Rock"
35.88831," -81.88519","Cave Route",5.5,"Table Rock"
36.340200," -80.480780",Ironman,5.8+,"Pilot Mountain"
36.340200," -80.480780","The Black Hole",5.10b,"Pilot Mountain"
35.292656," -82.914668","Laurel Springs WI4",WI4-,"Laurel Springs Ice"
34.1804," -85.81699",Neckerchief?,"5.8, PG13","Sand Rock"
34.1804," -85.81699","Neckerchief? Traverse",5.6,"Sand Rock"
34.18031," -85.81555",Misty,5.10c,"Sand Rock"
37.73288," -83.63751","Glory and Consequence",5.7+,"The Great Wall"
37.72444," -83.62657","Ohio Climbing",5.8,"Bruise Brothers Wall"
36.3916," -81.0473","No Alternative","5.5, PG13","Stone Mountain"
34.6372," -83.7141","Edges to Ledges",5.7,"Mount Yonah"
34.6372," -83.7141","Lucy in the Sky with Diamonds",5.10a,"Mount Yonah"
35.2948," -82.78817","The Nose",5.8,"Looking Glass Rock"
36.340200," -80.480780",Psycho-metric,5.11a,"Pilot Mountain"
36.340200," -80.480780","737 Max",5.8,"Pilot Mountain"
35.85362," -82.24006","Left Wishbone (Rock Scramble)",5th,"Black Mountain Alpine"
37.72961," -83.63208","59"" DrillBitch",5.10a,"Johnnys Wall"
37.7301," -83.6318","Plate Tectonics",5.10a,"Tectonic Wall"
37.7301," -83.6318","Gettin' Lucky in Kentucky",5.10b,"Tectonic Wall"
37.83768," -83.64701","Get Outta My Way","5.2, R","Fortress Wall"
37.6775," -83.73409","Norway On My Mind",5.9,"Gold Coast"
37.6775," -83.73409","Sunny the Boxer",5.9,"Gold Coast"
37.6775," -83.73409","Super Pinch",5.10d,"Gold Coast"
36.340200," -80.480780","Howdy Dude",5.7,"Pilot Mountain"
36.340200," -80.480780",Duracell,5.8,"Pilot Mountain"
38.6727," -109.40484","Mountaineers Route","5.6, Grade II","Parriot Mesa"
38.2754," -109.4052","Regular Route (""East Rib"")","5.4, PG13","Looking Glass Rock"
38.69592," -109.54034","Standard Route (West Fins)",5.3,"Elephant Butte"
38.65092," -109.49562",Terma,"5.9, PG13",Utopia
38.68691," -109.91696","North Ridge",5.7,"The Sphinx"
38.12093," -109.65158","South Face",5.7,"South Sixshooter"
38.756," -106.7702","13 Bolt (Ride Hard, Die Free)",5.10a,"Spring Creek"
38.756," -106.7702","Poker in the Rear",5.9,"Spring Creek"
38.756," -106.7702","Shovel Head",5.9,"Spring Creek"
38.49712," -106.94757","Rising Expectations",5.1,"Hartman Rocks"
38.49712," -106.94757","The Worm Hole",5.7,"Hartman Rocks"
38.49712," -106.94757","Buddha's Belly",5.10a,"Hartman Rocks"
38.72652," -106.76942","Dunn's Dihedral",5.8,"Taylor Canyon"
38.57701," -107.73207","King Me","5.10a, Grade II","Black Canyon of the Gunnison"
38.57701," -107.73207","The Maiden Voyage aka The Red Dihedral","5.9-, Grade III","Black Canyon of the Gunnison"
38.49712," -106.94757","Unknown 5.9",5.9,"Hartman Rocks"
35.15026," -83.0564","Groover (Gaskin Finish)",5.8+,"Laurel Knob"
47.88858," -123.13841","Junior's Farm","5.8, PG13, Grade III","Tyler Peak Crags"
48.48291," -120.9108","Northeast Buttress",5.5,"Mt. Goode"
34.1804," -85.81699","Climbing Merit Badge",5.6,"Sand Rock"
34.1804," -85.81699","That Eight (aka Kennel Club)",5.8,"Sand Rock"
20.74847," -99.94663",Bernalina,"5.7, Grade II","Pena de Bernal"
36.16644," -78.44528","To Tee or Not To Tee",5.10a,"The Trestle"
36.340200," -80.480780","Another Alternative",5.8,"Pilot Mountain"
36.375128," -80.369331","Whiskey Sour",5.6,Sauratown
36.375128," -80.369331","Old Man's Sport Route",5.11a,Sauratown
36.375128," -80.369331","Shock the Monkey",5.10c,Sauratown
34.95749," -82.79015","S Crack",5.10a,"Big Rock Mountain"
34.95749," -82.79015",Flakey,5.8,"Big Rock Mountain"
34.95749," -82.79015","5.9 Offwidth",5.9,"Big Rock Mountain"
34.95749," -82.79015","Ramp Arete",5.7,"Big Rock Mountain"
36.340200," -80.480780","Skull & Bones",5.8,"Pilot Mountain"
36.340200," -80.480780","Play It Again",5.10a,"Pilot Mountain"
36.340200," -80.480780","Wrestling with the Textonic",5.9,"Pilot Mountain"
36.340200," -80.480780",Hurly-Burly,5.9,"Pilot Mountain"
36.340200," -80.480780","Pontius Pilot",5.10a,"Pilot Mountain"
36.340200," -80.480780","Over Booked",5.7,"Pilot Mountain"
36.340200," -80.480780","Walk the Plank",5.8,"Pilot Mountain"
36.340200," -80.480780",Aerophobia,5.6,"Pilot Mountain"
-20.47244," -55.78526","Mata Burro",5.9+,Aquidauana
-20.47244," -55.78526",ResPira,5.10a,Aquidauana
-20.47244," -55.78526",R2D2,5.11a,Aquidauana
-20.47244," -55.78526",Loki,5.10a,Aquidauana
-22.95639," -43.16741","Mauricio Mota",5.5,Babilonia
-22.95639," -43.16741","Vilma Arnaud",5.6,Babilonia
-22.95173," -43.15762","Mico Mija",5.11b,Graalzinho
-22.968873," -43.201737","Crystal Cannibal",5.9,"Plato de Lagoa"
-22.968873," -43.201737","Bom Dia Africa",5.12a,"Plato de Lagoa"
-22.95639," -43.16741","Diedro Pegasus",5.8,Babilonia
-22.949900," -43.159100","Chamine Stop","5.7+, R, Grade III","Pao de Acucar"
-23.0061," -43.2988",Despacito,5.4,"Fendas de Barrinha"
-23.0061," -43.2988",Thanos,5.9+,"Fendas de Barrinha"
-23.0061," -43.2988","Fissura Hulk",5.8,"Fendas de Barrinha"
60.617856," 9.050725",Helgepraten,5.10b,Nesbyen
60.617856," 9.050725",Hallingmarsjen,5.8,Nesbyen
60.680247," 8.817867","Litten Oppdrift",5.11a,Natten
60.680247," 8.817867",Hoppalong,5.10b,Natten
60.680247," 8.817867","Bakom Synger Skogene",5.8,Natten
60.680247," 8.817867",Solstikk,5.8,Natten
60.680247," 8.817867",Skyggediederet,5.8,Natten
60.680247," 8.817867","Jimi Embrik",5.10d,Natten
60.680247," 8.817867","Oye for Oye",5.7,Natten
61.63579," 8.30979","Standard Route","Easy Snow, Grade III",Galdhopiggen
68.1815," 14.21888","Vestpillaren Direct","5.10d, Grade III",Presten
68.17373," 14.2125",Gollum,5.8+,"Gandalf Wall"
68.17373," 14.2125","Guns N' Roses",5.10c,"Gandalf Wall"
68.17373," 14.2125","Gamle rev",5.10a,"Gandalf Wall"
68.17373," 14.2125","The Boys First Journey at Sea",5.11a,"Gandalf Wall"
68.17373," 14.2125","Tromso ekspressen",5.10a,"Gandalf Wall"
68.17373," 14.2125",Gandalf,5.8,"Gandalf Wall"
68.1838," 14.274","There Is To Do",5.10a,Djupfjorden
68.1838," 14.274","Bare Blabaer","5.8, Grade II",Djupfjorden
68.1838," 14.274",Englevinger,5.10c,Svolvaergeita
68.1838," 14.274",Jammerfest,5.10b,Djupfjorden
38.833800," -79.366300",Debbie,5.6,"Seneca Rocks"
38.833800," -79.366300",Banana,5.7,"Seneca Rocks"
36.340200," -80.480780","Buzzard's Breath",5.8,"Pilot Mountain"
36.340200," -80.480780","Venus Scribner",5.10b,"Pilot Mountain"
36.340200," -80.480780","Orange Peel",5.9+,"Pilot Mountain"
36.340200," -80.480780","Hidden in Plain Sight",5.11a,"Pilot Mountain"
36.340200," -80.480780",Butterfingers,5.11a,"Pilot Mountain"
36.3973," -80.2861","Zoo View",5.7+,"Circus Wall"
36.39993," -80.28257","Wailing Wall",5.6,"Moores Amphitheater"
36.39764," -80.28578",Hopscotch,5.3,"Moores Central Wall"
36.340200," -80.480780","Too Old to Rock and Roll",5.10c,"Pilot Mountain"
36.340200," -80.480780",Casablanca,5.10a,"Pilot Mountain"
36.340200," -80.480780","True Grits",5.8+,"Pilot Mountain"
36.340200," -80.480780","Turkey Shoot",5.8,"Pilot Mountain"
36.340200," -80.480780","Born to Crimp",5.10b,"Pilot Mountain"
38.046," -81.06841",Yowsah,5.12b,Kaymoor
38.04716," -81.06756","Second Thoughts",5.9+,"Rico Suave Buttress"
38.04716," -81.06756","Sand in My Crack (Cuddle Monkey)",5.7,"Rico Suave Buttress"
38.04716," -81.06756","The Rico Suave Arete aka Rico Suave",5.10a,"Rico Suave Buttress"
38.2422," -80.83949","Hippie Dreams",5.7+,"Orange Oswald Wall"
38.2422," -80.83949","Baby Has a Bolt Gun",5.10c,"Orange Oswald Wall"
38.0508," -81.03146","Happy Hands",5.9,"Beauty Mountain"
38.0508," -81.03146","Quick Robin, to the Batcrack!",5.10a,"Beauty Mountain"
38.0508," -81.03146","Rod Serling Crack",5.10b,"Beauty Mountain"
38.0508," -81.03146","Out of Mind",5.10a,"Beauty Mountain"
38.0508," -81.03146","Burning Calves",5.10b,"Beauty Mountain"
36.340200," -80.480780","Pee Break",5.6,"Pilot Mountain"
36.340200," -80.480780","Overhang Hangover",5.11b,"Pilot Mountain"
36.340200," -80.480780",Scarface,5.6,"Pilot Mountain"
36.340200," -80.480780","Pillar Assault",5.8,"Pilot Mountain"
36.3916," -81.0473","Block Route","5.7+, PG13","Stone Mountain"
36.099," -81.7815",Harpoon,5.10a,"Ship Rock"
36.099," -81.7815","Anguish of Captain Bligh",5.11a,"Ship Rock"
36.099," -81.7815",Boardwalk,5.8,"Ship Rock"
35.9631," -81.12044","Blast in Black",5.9+,"Rocky Face"
35.9631," -81.12044","Double Roof Ballet",5.11c,"Rocky Face"
35.9631," -81.12044","Sunny Day",5.8,"Rocky Face"
35.9631," -81.12044",Quickdraw,5.11b,"Rocky Face"
36.375128," -80.369331","Barbs World",5.10b,Sauratown
36.375128," -80.369331","Lust in a Cheap Motel",5.10b,Sauratown
35.9631," -81.12044","Flight Time",5.7+,"Rocky Face"
35.9631," -81.12044","Crimps and Slopers",5.10b,"Rocky Face"
35.9631," -81.12044","Black Hole",5.10d,"Rocky Face"
35.9631," -81.12044","Mr. Aidman's Free",5.11a,"Rocky Face"
35.9631," -81.12044","The Twins Right",5.9+,"Rocky Face"
35.9631," -81.12044",Caterpillar,5.7+,"Rocky Face"
35.24038," -81.2694",Electra,5.10c,"Crowders Mountain"
35.24038," -81.2694","Ooga Chocka",5.8,"Crowders Mountain"
35.24038," -81.2694","The Dish",5.9,"Crowders Mountain"
36.42187," -81.1871","Daughton Line",WI3,"Doughton Park"
36.42187," -81.1871","NE end flows",WI3-,"Doughton Park"
36.37869," -80.28731","Grace Under Pressure",5.10b,"The Cookbook"
36.37869," -80.28731",Deceivious,5.1,"The Cookbook"
36.09764," -81.77188","Boyz N Berries",5.11a,"The Dump"
36.340200," -80.480780","When Shrimp Learn to Whistle",5.11b,"Pilot Mountain"
36.340200," -80.480780","Any Major Dude",5.11c,"Pilot Mountain"
36.340200," -80.480780","Mr. Henar","5.12a, PG13","Pilot Mountain"
35.9631," -81.12044","Hidden-mite short",5.9+,"Rocky Face"
35.9631," -81.12044",Bullistics,5.10b,"Rocky Face"
35.9631," -81.12044",Hardman,5.11b,"Rocky Face"
35.9631," -81.12044","Left Of Time",5.7,"Rocky Face"
36.3916," -81.0473","The Pulpit",5.8,"Stone Mountain"
36.340200," -80.480780",Unknown,5.8,"Pilot Mountain"
36.340200," -80.480780","Anchors Away",5.11d,"Pilot Mountain"
36.340200," -80.480780",Novi,5.7+,"Pilot Mountain"
36.375128," -80.369331","5.7 Corner",5.7+,Sauratown
36.37579," -80.36644","I'll Be Danned",5.10d,Sauratown
36.37576," -80.36654","Kish Dish",5.8,Sauratown
36.375128," -80.369331","Pilot's License",5.10b,Sauratown
36.375128," -80.369331","Deadbeat Dad",5.11d,Sauratown
36.375128," -80.369331","DC Comics",5.10b,Sauratown
36.375128," -80.369331","Green Arrow",5.10a,Sauratown
36.375128," -80.369331","Skin Toy",5.11d,Sauratown
36.3916," -81.0473",Yardarm,"5.8, PG13","Stone Mountain"
36.3916," -81.0473","Entrance Crack","5.5, R","Stone Mountain"
36.3916," -81.0473","Rainy Day Women","5.10a, R","Stone Mountain"
37.82823," -83.59714","Caver's Route","5.3, R","Tower Rock"
37.73372," -83.63884","Air Ride Equipped",5.11a,"The Solarium"
37.72444," -83.62657","The Bee's Business",5.8-,"Bruise Brothers Wall"
37.72444," -83.62657","Stay Off the Radio Jeff!",5.9+,"Bruise Brothers Wall"
37.73372," -83.63884","Super Best Friends",5.12a,"The Solarium"
37.8446," -83.6686","Rock Wars",5.10a,"Long Wall"
37.8446," -83.6686",Autumn,5.9,"Long Wall"
37.8446," -83.6686",Yuk,"5.9, PG13","Long Wall"
37.8446," -83.6686",Mailbox,5.8+,"Long Wall"
37.8446," -83.6686","Souders Crack","5.1, R","Long Wall"
37.8588," -83.67163","Environmental Impact",5.7+,"Pebble Beach"
37.8588," -83.67163",Brontosaurus,5.10b,"Pebble Beach"
37.8588," -83.67163",Scabies,5.9+,"Pebble Beach"
37.83768," -83.64701","Bedtime for Bonzo",5.6,"Fortress Wall"
36.3973," -80.2861","Air Show",5.9-,"Circus Wall"
36.39993," -80.28257","Almost Seven (aka Golden Earring)",5.7,"Moores Amphitheater"
36.340200," -80.480780","Chicken Bone",5.8,"Pilot Mountain"
36.340200," -80.480780",Vegomatic,5.7+,"Pilot Mountain"
36.340200," -80.480780","Thin to Win",5.10b,"Pilot Mountain"
36.340200," -80.480780","Fat Boy",5.11a,"Pilot Mountain"
36.340200," -80.480780","Skatin'",5.11d,"Pilot Mountain"
36.340200," -80.480780","Pilot Error (chicken bone right)",5.8-,"Pilot Mountain"
36.3973," -80.2861","Break On Through",5.10a,"Circus Wall"
36.39764," -80.28578","Head Jam",5.6,"Moores Central Wall"
36.40055," -80.27884",Nevermore,5.9-,"Moores North End"
36.40055," -80.27884",Nutsweat,5.9+,"Moores North End"
36.39993," -80.28257","Raise Hell",5.8-,"Moores Amphitheater"
36.39993," -80.28257","Quaker State",5.11a,"Moores Amphitheater"
36.07719," -82.3723","Exploratory 5.5",5.5,"Whitewater Buttress"
35.88831," -81.88519","White Lightning",5.8-,"Table Rock"
35.871," -81.89291","The Daddy",5.6,"Linville Amphitheater"
38.833800," -79.366300",Soler,5.7,"Seneca Rocks"
38.833800," -79.366300","Marshall's Madness - Crack of Dawn",5.10a,"Seneca Rocks"
38.833800," -79.366300",Gebhardt-Dufty,5.7,"Seneca Rocks"
38.833800," -79.366300","Fear of Flying",5.8,"Seneca Rocks"
38.833800," -79.366300","Madmen Only",5.10a,"Seneca Rocks"
38.833800," -79.366300",Castor,5.10a,"Seneca Rocks"
38.9923," -77.249","Right Stuff",5.7,"Great Falls"
38.9923," -77.249","Left Stuff",5.7,"Great Falls"
38.9923," -77.249",Possibilities,5.9,"Great Falls"
38.9923," -77.249",Backslider,5.7,"Great Falls"
41.72879," -74.18801","Balcony ArÃªte",5.9,"Great Falls"
41.72879," -74.18801",Directissima,5.9,"The Trapps"
41.72879," -74.18801","High Exposure",5.6,"The Trapps"
41.72879," -74.18801","Bonnie's Roof",5.9,"The Trapps"
41.72879," -74.18801","Space Invaders",5.10d,"The Trapps"
41.73209," -74.19709","Ants' Line",5.9,"The Trapps"
41.73209," -74.19709","Transcontinental Nailway",5.10b,"The Near Trapps"
41.73209," -74.19709","Bird Cage",5.10b,"The Near Trapps"
41.73209," -74.19709",Birdbrain,"5.12a, X","The Near Trapps"
43.55552," -73.60298","Lunar Manscaping",5.8,"Shelving Rock"
43.55552," -73.60298","Snake Charmer",5.9,"Shelving Rock"
43.55552," -73.60298","Grin and Bear It",5.8,"Shelving Rock"
43.55552," -73.60298","The Gong Show",5.9,"Shelving Rock"
43.55552," -73.60298","Good Day",5.10b,"Shelving Rock"
44.1454," -73.75082",TR,5.10a,"The Spiders Web"
44.1454," -73.75082",Esthesia,5.10a,"The Spiders Web"
44.1454," -73.75082","Slim Pickins",5.9,"The Spiders Web"
44.4097," -73.5037","Bloody Mary",5.9,Poke+AC0-O+AC0-Moonshine
44.4097," -73.5037","The Fastest Gun",5.10b,Poke+AC0-O+AC0-Moonshine
44.064," -71.1663","Goofer's Delight",5.10a,"Cathedral Ledge"
44.064," -71.1663","The Prow",5.11d,"Cathedral Ledge"
44.064," -71.1663",Recompense,5.9,"Cathedral Ledge"
44.064," -71.1663",Echoes,"5.11d, PG13","Cathedral Ledge"
44.31194," -68.18919","Easy Corner (aka ? ""Wonder Corner"" )",5.6,"Otter Cliffs"
44.31194," -68.18919","A Dare by the Sea",5.10b,"Otter Cliffs"
44.31194," -68.18919","Peak Performance",5.10a,"Otter Cliffs"
44.31194," -68.18919","Wonder Wall",5.8,"Otter Cliffs"
44.31194," -68.18919",Guillotine,5.10a,"Otter Cliffs"
44.24707," -69.08739","Charlotte's Crack",5.7,"Camden Hills"
44.24707," -69.08739","500 Pound Flakeout",5.7,"Camden Hills"
44.24707," -69.08739","Dirty Harry",5.11a,"Camden Hills"
44.159," -71.6847","Whitney Gilman Ridge","5.7, Grade II","Cannon Cliff"
44.43274," -70.52741","The Great Escape",5.10b,"Shagg Crag"
44.43274," -70.52741","Short Bob",5.12a,"Shagg Crag"
44.43274," -70.52741","Fuzzy Rhino Slippers",5.11c,"Shagg Crag"
44.43274," -70.52741","Rough Rhino",5.9,"Shagg Crag"
44.43274," -70.52741","Short Shagg",5.9,"Shagg Crag"
44.0545," -71.1668","Standard Route","5.5, R, Grade III","Whitehorse Ledge"
44.064," -71.1663","Bird's Nest",5.9,"Cathedral Ledge"
44.064," -71.1663",Recluse,5.11a,"Cathedral Ledge"
44.064," -71.1663","Childs Play",5.6,"Cathedral Ledge"
44.064," -71.1663","Thin Air",5.6,"Cathedral Ledge"
39.90803," -76.3642","Autumn Arch",5.10b,"Safe Harbor South"
39.90803," -76.3642","Expose'",5.11b,"Safe Harbor South"
39.90803," -76.3642","Cruizin' South",5.5,"Safe Harbor South"
36.340200," -80.480780",Erocktica,5.10c,"Pilot Mountain"
36.340200," -80.480780","Bat out of Hell",5.11b,"Pilot Mountain"
36.3973," -80.2861","Big Jugs",5.5,"Sentinel Buttress"
35.44953," -82.21258","Shredded Wheat",5.11a,"Cereal Buttress"
35.44953," -82.21258","Born Again",5.10d,"Cereal Buttress"
35.44953," -82.21258","Capt Crunch",5.10d,"Cereal Buttress"
35.88116," -81.90287","The Devil Wears Prana",5.10b,"The Underworld"
35.88116," -81.90287","The 8th Sin",5.11d,"The Underworld"
36.39764," -80.28578","Easy Hard",5.5,"Moores Central Wall"
36.340200," -80.480780","Dude on the Corner",5.9,"Pilot Mountain"
36.07719," -82.3723","Prime Rib",5.10a,"Whitewater Buttress"
36.07719," -82.3723","19'-hexanoyloxyfucoxanthin",5.9,"Whitewater Buttress"
35.88831," -81.88519","Two For One","5.9, PG13","Table Rock"
38.08299," -81.08043","New Yosemite",5.9,"The Junkyard"
38.24156," -80.84428","Process of Elimination",5.11b,"DC Memorial Boulder"
38.24156," -80.84428","Animal Logic",5.12b,"DC Memorial Boulder"
38.0607," -81.0671","Ritz Cracker",5.9,"Fern Buttress"
38.0607," -81.0671","Shiny Faces",5.10d,"Fern Buttress"
38.0607," -81.0671","Triple Treat",5.10a,"Fern Buttress"
38.0607," -81.0671",Springboard,5.10b,"Fern Buttress"
38.0607," -81.0671","Two Bag Face","5.9, R","Fern Buttress"
36.3973," -80.2861","Sentinel Buttress",5.5,"Sentinel Buttress"
36.3916," -81.0473","U Slot","5.7, PG13","Stone Mountain"
36.3916," -81.0473","The Great Arch",5.5,"Stone Mountain"
36.09764," -81.77188",Vermin,5.10b,"The Dump"
36.09764," -81.77188","Voodoo Child",5.11a,"The Dump"
36.09764," -81.77188","Dimpsty Dumpster",5.10a,"The Dump"
36.09764," -81.77188","Unwritten Law",5.12b,"The Dump"
36.09764," -81.77188","Red Headed Stepchild",5.10a,"The Dump"
36.09764," -81.77188","Son of White Trash",5.8,"The Dump"
36.340200," -80.480780","Crackin' Up",5.7,"Pilot Mountain"
36.340200," -80.480780","Grandpa's Belay",5.6,"Pilot Mountain"
36.340200," -80.480780","Blind Prophet","5.12b, PG13","Pilot Mountain"
36.340200," -80.480780",KMA,5.8,"Pilot Mountain"
36.340200," -80.480780",Outhouse,5.7,"Pilot Mountain"
36.340200," -80.480780","Hot Yoga",5.10a,"Pilot Mountain"
31.70897," -110.49505","Sombreros from Snowflake",5.10b,"The Biscuit"
31.70897," -110.49505","Postcards to Pinetop",5.10a,"The Biscuit"
31.70897," -110.49505",Swifting,5.11a,"The Biscuit"
31.70897," -110.49505","King of Snake",5.12a,"The Biscuit"
31.935," -109.99553","Four Course Meal",5.7,"Window Dome"
32.631," -116.0788",Buissonier,5.7,"Hidden Valley Campground"
32.631," -116.0788","Bearded Cabbage",5.10c,"Hidden Valley Campground"
32.631," -116.0788","Sexy Grandma",5.9,"Hidden Valley Campground"
34.00154," -118.80853","Left Center",5.8,"Point Dume"
34.00154," -118.80853",Left,5.8,"Point Dume"
34.00154," -118.80853","South Face Left",5.10b,"Point Dume"
34.5776," -119.2579","Tree Root",5.5,"Sespe Gorge"
34.5776," -119.2579","Ending Crack","5.7, PG13","Sespe Gorge"
36.12521," -115.49109",Birdland,5.7+,"Brass Wall"
40.65299," -111.806","Knifeblade Crack",5.8,"Petes Rock"
40.65299," -111.806","Route 1",5.9,"Petes Rock"
40.65299," -111.806","Random 5.6",5.6,"Petes Rock"
40.5733," -111.771","Crescent Crack",5.7,"Crescent Crack Buttress"
40.57418," -111.77065","The Coffin",5.9,"Coffin Buttress"
40.5747," -111.7734",Bongeater,5.10d,"Bongeater Buttress"
38.69514," -109.54811","West Chimney",5.6,"Bullwinkle Tower"
38.6972," -109.54923","West Crack",5.8,"Owl Rock"
38.61375," -109.60839","Standard Route",C0,"The Pickle"
38.09105," -109.56274","Trip to the Vet",5.10d,"Cat Wall"
38.09105," -109.56274",Catsup,5.10a,"Cat Wall"
38.09105," -109.56274","More Than One Way",5.10d,"Cat Wall"
38.09105," -109.56274","To Skin a Cat",5.12a,"Cat Wall"
38.09105," -109.56274","Kool Cat",5.11a,"Cat Wall"
40.28841," -105.65725","Full Recovery",WI2-,"Thatchtop Mt"
39.93194," -105.28603",Vertigo,5.11b,"Redgarden Wall"
39.97305," -105.46306","Chasing Sticks",5.9,"Surprising Crag"
39.97305," -105.46306","Vitamin V",5.9,"Surprising Crag"
40.25767," -105.61491","Random Couloir","AI2, PG13","Chasm Lake"
38.8764," -104.88113","North Ridge",5.7,"Garden of the Gods"
38.833800," -79.366301","Le Gourmet Direct",5.7,"Seneca Rocks"
38.833800," -79.366300","High Test",5.9,"Seneca Rocks"
38.833800," -79.366300","Southwest Buttress Variation",5.5,"Seneca Rocks"
38.833800," -79.366300","Crispy Critter",5.7,"Seneca Rocks"
38.695500," -79.465000",Nameless,5.8,"Nelson Rocks"
38.695500," -79.465000",Abandoned,5.7,"Nelson Rocks"
38.833800," -79.366300","Frosted Flake",5.9,"Seneca Rocks"
38.833800," -79.366300","Dirty Old Man",5.6,"Seneca Rocks"
38.833800," -79.366300",S&M,5.8,"Seneca Rocks"
38.833800," -79.366300","Put A Wiggle In Your Stride",5.12a,"Seneca Rocks"
38.695500," -79.465000","Bottom Feeder",5.8,"Nelson Rocks"
38.833800," -79.366300",Ecstasy,5.7,"Seneca Rocks"
38.833800," -79.366300","Humphrey's Head",5.4,"Seneca Rocks"
38.833800," -79.366300",Sunshine,"5.10a, PG13","Seneca Rocks"
38.833800," -79.366300","Block Party",5.8,"Seneca Rocks"
38.833800," -79.366300","Right Tope",5.9,"Seneca Rocks"
38.833800," -79.366300",Daytripper,5.10a,"Seneca Rocks"
38.695500," -79.465000",Shorty,5.11b,"Nelson Rocks"
38.695500," -79.465000",Oz,5.7,"Nelson Rocks"
38.833800," -79.366300","Breakneck Direct",5.10b,"Seneca Rocks"
38.785000," -79.288000","Catfish Strangler",5.11a,"Reeds Creek"
38.785000," -79.288000","Welcome to Reed's Creek",5.7,"Reeds Creek"
38.785000," -79.288000","Dr Taco",5.7,"Reeds Creek"
38.785000," -79.288000","Sea of Tranquility",5.10a,"Reeds Creek"
38.833800," -79.366300","Cottonmouth - Venom",5.10a,"Seneca Rocks"
38.833800," -79.366300","Judgement Seat",5.10a,"Seneca Rocks"
38.833800," -79.366300","Lichen or Leave It",5.8,"Seneca Rocks"
38.833800," -79.366300","Bear's Delight",5.6,"Seneca Rocks"
38.695500," -79.465000","Two Poops",5.10b,"Nelson Rocks"
38.695500," -79.465000",IMOL,5.10a,"Nelson Rocks"
38.695500," -79.465000","Two Scoops",5.11d,"Nelson Rocks"
38.833800," -79.366300","Up and Coming",5.4,"Seneca Rocks"
38.833800," -79.366300",T&T,5.8,"Seneca Rocks"
38.833800," -79.366300",Kauffman-Cardon,5.4,"Seneca Rocks"
38.833800," -79.366300","Conn's East",5.6,"Seneca Rocks"
38.833800," -79.366300",Pollux,5.10a,"Seneca Rocks"
38.833800," -79.366300",Orangeaid,5.10b,"Seneca Rocks"
38.833800," -79.366300","Climbin' Punishment",5.8,"Seneca Rocks"
38.833800," -79.366300",Predator,5.12a,"Seneca Rocks"
38.833800," -79.366300",Ambush,5.11a,"Seneca Rocks"
38.833800," -79.366300","Pleasant Overhangs",5.7,"Seneca Rocks"
38.695500," -79.465000","EZ Wider",5.6,"Nelson Rocks"
38.785000," -79.288000","Honey Hole 5.8",5.8,"Honey Hole"
38.833800," -79.366300","Triple S",5.8,"Seneca Rocks"
38.785000," -79.288000","Honey Hole 5.10a",5.10a,"Honey Hole"
38.785000," -79.288000","Honey Hole 5.7",5.7,"Honey Hole"
38.785000," -79.288000","Internal Dialogue",5.8,"Reeds Creek"
38.695500," -79.465000",Kamikaze,5.10a,"Nelson Rocks"
38.833800," -79.366300","Ye Gods & Little Fishes",5.8,"Seneca Rocks"
38.833800," -79.366300","Candy Corner",5.6,"Seneca Rocks"
38.833800," -79.366300","Wild Men Only","5.10a, PG13","Seneca Rocks"
38.833800," -79.366300",Thais,5.6,"Seneca Rocks"
38.833800," -79.366300","Thais - Variation Thais Escape",5.5,"Seneca Rocks"
38.695500," -79.465000","Flying Bunghole",5.10b,"Nelson Rocks"
38.695500," -79.465000","License to Drill",5.10a,"Nelson Rocks"
38.695500," -79.465000","Never Say Never",5.10c,"Nelson Rocks"
38.833800," -79.366300","The Burn",5.8,"Seneca Rocks"
38.833800," -79.366300","Rear Entry",5.8,"Seneca Rocks"
38.833800," -79.366300","Seneca Daze","5.7, PG13","Seneca Rocks"
38.833800," -79.366300","Back to the Front",5.9,"Seneca Rocks"
38.833800," -79.366300","Rox Salt",5.6,"Seneca Rocks"
38.695500," -79.465000",34D,5.10b,"Nelson Rocks"
38.24161," -80.8422","Lickety Split",5.9,"Satisfaction Wall"
38.24161," -80.8422","Satisfaction Guaranteed",5.11a,"Satisfaction Wall"
38.24193," -80.84067",Narcissus,5.12a,"Narcissus Cave"
38.09332," -81.09376","Geisha Girl",5.8,"Bubba City"
38.09332," -81.09376","Mrs. Field's Follies",5.8,"Bubba City"
38.09332," -81.09376",Kinesthetica,5.10c,"Bubba City"
38.09332," -81.09376","The Decameron",5.10b,"Bubba City"
38.0508," -81.03146","Screamer Crack",5.8,"Beauty Mountain"
38.0508," -81.03146",Mushrooms,5.10a,"Beauty Mountain"
38.695500," -79.465000",Sirius,5.10a,"Nelson Rocks"
38.833800," -79.366300","Gunsight To North Peak",5.1,"Seneca Rocks"
38.833800," -79.366300","Conn's West",5.4,"Seneca Rocks"
38.833800," -79.366300","Ecstasy Junior",5.4,"Seneca Rocks"
38.833800," -79.366300","Green Wall",5.7,"Seneca Rocks"
38.695500," -79.465000",Millennium,5.7,"Nelson Rocks"
38.833800," -79.366300","Traffic Jam",5.7,"Seneca Rocks"
38.833800," -79.366300","La Bella Vista",5.10a,"Seneca Rocks"
38.833800," -79.366300",Prune,5.7,"Seneca Rocks"
38.833800," -79.366300","Neck Press",5.7,"Seneca Rocks"
38.833800," -79.366300",Totem,5.11a,"Seneca Rocks"
38.833800," -79.366300","Lower Skyline Direct (LSD)",5.5,"Seneca Rocks"
38.833800," -79.366300","Old Ladies Route",5.2,"Seneca Rocks"
38.833800," -79.366300","Windy Corner",5.4,"Seneca Rocks"
38.833800," -79.366300","Roy Gap Chimney's",5.6,"Seneca Rocks"
38.833800," -79.366300","Skyline Traverse",5.3,"Seneca Rocks"
38.833800," -79.366300","Gunsight to South Peak",5.4,"Seneca Rocks"
38.833800," -79.366300","Le Gourmet",5.4,"Seneca Rocks"
38.833800," -79.366300","Front C",5.6,"Seneca Rocks"
38.833800," -79.366300","Critter Crack",5.6,"Seneca Rocks"
38.695500," -79.465000","Stone Gallows",5.10b,"Nelson Rocks"
38.833800," -79.366300","Gunsight to South Peak Direct",5.4,"Seneca Rocks"
38.833800," -79.366300","Gert's Grungy Gulley",5.4,"Seneca Rocks"
38.833800," -79.366300","Dufty's Popoff","5.7, PG13","Seneca Rocks"
38.833800," -79.366300","Bee Sting Corner",5.7,"Seneca Rocks"
38.833800," -79.366300",Agony,5.10b,"Seneca Rocks"
38.833800," -79.366300","Old Man's Route",5.2,"Seneca Rocks"
-22.9504," -43.1635","Preto (with Rubro Negro var)",5.7,"Morro da Urca"
-22.949900," -43.159100",CEPI,B,"Pao de Acucar"
-22.949900," -43.159100","Waldemar Guimaraes (Waldo)","5.11d, PG13, Grade III","Pao de Acucar"
-22.949900," -43.159100","Via dos Italianos","5.10a, Grade III","Pao de Acucar"
-22.9549," -43.2144",K2,"5.9, PG13",Corcovado
-22.9549," -43.2144",K3,5.10d,Corcovado
-22.33888," -42.72446",CERJ,"5.9, PG13, Grade III",Capacete
-22.9504," -43.1635",Infravermelho,5.6,"Morro da Urca"
-22.95173," -43.15762",Graalzinho,5.5,Graalzinho
-22.95173," -43.15762","Formiga Atomica",5.6,Graalzinho
-22.95173," -43.15762","Para os Baixinhos",5.9,Graalzinho
-22.95173," -43.15762",Rapunzel,5.9,Graalzinho
-22.95173," -43.15762","Via do Crico",5.8,Graalzinho
-22.95173," -43.15762","Inversao Feminina",5.7,Graalzinho
-22.997080," -43.284640","Passagem dos Olhos","5.8, Grade IV","Pedra da Gavea"
-22.942620," -43.195910","Fissura Esquecida",5.10a,"Morro Dona Marta"
-22.942620," -43.195910","Ovos Na Chapa",5.9,"Morro Dona Marta"
-22.949900," -43.159100",Coringa,5.6,"Pao de Acucar"
-22.949900," -43.159100",Costao,5.7,"Pao de Acucar"
-22.978850," -43.196080",Kakaroots,5.9,Cantagalo
36.340200," -80.480780","Man Overboard",5.10c,"Pilot Mountain"
36.340200," -80.480780",Silhouette,5.9,"Pilot Mountain"
36.340200," -80.480780","Devil in the White House",5.10c,"Pilot Mountain"
38.833800," -79.366300","West Pole",5.7,"Seneca Rocks"
38.833800," -79.366300","Worrell's Thicket",5.1,"Seneca Rocks"
38.695500," -79.465000","Cast of Thousands",5.10a,"Nelson Rocks"
38.695500," -79.465000","Ed's Fudge Shop",5.10a,"Nelson Rocks"
38.695500," -79.465000","The Wax Museum",5.10a,"Nelson Rocks"
38.695500," -79.465000","The Petting Zoo",5.10b,"Nelson Rocks"
38.695500," -79.465000","Unknown 5.10c",5.10c,"Nelson Rocks"
38.695500," -79.465000",Crescendo,5.10a,"Nelson Rocks"
38.695500," -79.465000",Dominion,5.10b,"Nelson Rocks"
38.695500," -79.465000",Lifers,5.10a,"Nelson Rocks"
38.695500," -79.465000","Grizzly Adams",5.11a,"Nelson Rocks"
38.833800," -79.366300","The Threat",5.12b,"Seneca Rocks"
38.833800," -79.366300",Mongoose,5.11a,"Seneca Rocks"
38.833800," -79.366300","Marshall's Madness",5.9,"Seneca Rocks"
35.44953," -82.21258","Frosted Flake",5.9+,"Cereal Buttress"
41.73294," -74.19626",Birdland,5.8+,"The Near Trapps"
35.871," -81.89291","The Prow",5.4,"Linville Amphitheater"
36.61218," -81.49118",Jaws,V0-,"Grayson Highlands"
38.14339," -80.91527","The Wanderer",5.10a,"Upper Meadow"
38.14336," -80.91516","Mr. Cute",5.11a,"Upper Meadow"
38.14336," -80.91516",Starry,5.12a,"Upper Meadow"
38.14336," -80.91979","Ben Dunne",5.10a,"Upper Meadow"
38.11346," -81.13906","Master Gardner",5.7-,"Cotton Club"
38.11365," -81.13526","Ventilator Shaft",5.7-,"Cotton Club"
38.73949," -79.43474","Riverton South Mixed Line (porchview)",5.9,"Riverton Rock"
38.74051," -79.43413","Riverton South Orange Buttress",5.10a,"Riverton Rock"
38.69699," -79.46416","Porcelain Pump",5.11a,"Nelson Rocks"
38.833800," -79.366300","Sixth Sense",C2,"Seneca Rocks"
38.695500," -79.465000",Moderato,5.5,"Nelson Rocks"
38.695500," -79.465000","The Tribe Lite",5.10a,"Nelson Rocks"
38.78577," -79.29022",Superwoman,5.8+,"Reeds Creek"
38.78574," -79.29021","Grain of Sand",5.10c,"Reeds Creek"
38.78585," -79.29020",Joker,5.10a,"Reeds Creek"
38.78545," -79.28913","La Machina",5.11b,"Reeds Creek"
38.78523," -79.28905","Still Laughing",5.10b,"Reeds Creek"
38.78546," -79.28937",Skywalker,5.12a,"Reeds Creek"
38.833800," -79.366300","Triple Direct","5.10a, C2","Nelson Rocks"
38.833800," -79.366300",Superstition,C2,"Seneca Rocks"
38.833800," -79.366300","Totem (p1 only)",5.4,"Seneca Rocks"
38.842265," -79.362615","Bat Girl",5.9,"Sasquatch Crag"
38.842265," -79.362615","Leaky Corner",5.6,"Sasquatch Crag"
38.80916," -79.28002","Ugly Duckling",5.7,"Entrance Wall"
38.80877," -79.28088","Lusting for Ladybugs",5.11a,"Entrance Wall"
38.69606," -79.46556","Notch Up Another One",5.11a,"Nelson Rocks"
38.69606," -79.46549","Tommy T",5.6,"Nelson Rocks"
38.69593," -79.46567","The Lost World",5.10c,"Nelson Rocks"
38.69593," -79.46567","Shitty Sequel","5.5, PG13","Nelson Rocks"
38.89374," -79.31125","Kissler-Clark Route",5.10d,"Champe Rocks"
38.89374," -79.31125","Behind the Pine",5.10a,"Champe Rocks"
38.89323," -79.31173","Janoscrat Crack",5.11a,"Champe Rocks"
38.97006," -79.28195",SPF40,5.9,"The Beach"
47.81078," -123.69889","Blue Glacier","Moderate Snow, 5th, Grade II","Mount Olympus"
35.30523," -82.79114","The Glass Menagerie (Aid)","5.10a, C2, PG13, Grade IV","Looking Glass Rock"
38.89351," -79.31096",Tuscarora,5.7,"Champe Rocks"
37.71264," -119.64771","West Face","5.7, C3, Grade V","Leaning Tower"
37.73081," -119.63878",Freeblast,"5.9, C2, Grade IV","El Capitan"
37.71746," -119.71920","Beverly's Tower",5.10a,"Cookie Cliff"
37.71762," -119.71899",Butterballs,5.11c,"Cookie Cliff"
37.75083," -119.59472","Regular Route",5.5,"Sunnyside Bench"
37.72221," -119.71875","Separate Reality",5.12a,"Wildcat Falls"
37.74909," -119.59812",Commitment,5.9,"Five Open Books"
38.83411," -79.36641","Cockscomb Overhang Direct",5.9,"Seneca Rocks"
38.833800," -79.366300","East Face to Gunsight Notch",5.1,"Seneca Rocks"
38.69603," -79.46610","Stolen Lexus",5.6,"Nelson Rocks"
38.69603," -79.46610",Hammered,5.7,"Nelson Rocks"
38.08275," -81.08063","Four Sheets to the Wind",5.9+,"The Junkyard"
38.08007," -81.08022","Afternoon Delight","5.6, R","The Pinnacle"
38.07185," -81.07996","Easily Flakey",5.7,"Bridge Buttress"
38.14294," -80.91731",Bullocks,5.9+,"Upper Meadow"
38.14294," -80.91731","Rodent's Party",5.10c,"Upper Meadow"
38.14369," -80.91991","Girl Boner",5.9,"Upper Meadow"
38.14379," -80.92019",Berecik,5.8,"Upper Meadow"
38.05081," -81.03160",Supercrack,5.9+,"Beauty Mountain"
38.05244," -81.03368","Wham Bam Thanks for the Jam",5.10b,"Beauty Mountain"
36.34013," -80.48401","Arms Control",5.11c,"Pilot Mountain"
35.44983," -82.21881","Just As I Am",V0,"Devil Boulder"
36.37555," -80.36654","Big Erector",5.9+,Sauratown
34.18057," -85.81486","Knob Wall",5.6,"Sand Rock"
25.95021," -100.47460","Will The Wolf Survive?",5.10a,"El Potrero Chico"
25.95086," -100.47532","Lobos Trabajando",5.11c,"El Potrero Chico"
25.95091," -100.47570","The Anvil",5.8,"El Potrero Chico"
25.95075," -100.47564","Howlin' Wolf",5.9,"El Potrero Chico"
25.95040,"  -100.47698","Evil Shenanigans",5.11b,"El Potrero Chico"
25.94687," -100.47706","Yankee Clipper (p1 only)",5.8,"El Potrero Chico"
25.94715," -100.47672","La Chiky Baby",5.8,"El Potrero Chico"
25.94687," -100.47706","Yankee Clipper",5.12a,"El Potrero Chico"
25.94845," -100.47579",CDC&J,5.9,"El Potrero Chico"
25.94873," -100.47671","Deja Vu",5.9,"El Potrero Chico"
25.94869," -100.47671","Graffiti Route",5.8,"El Potrero Chico"
25.94833," -100.47693","Jungle Mountaineering",5.10a,"El Potrero Chico"
25.94826," -100.47519","Pitch Black",5.10d,"El Potrero Chico"
25.94821," -100.47547","Inglorious Bastards",5.12a,"El Potrero Chico"
25.94851," -100.47774","Aguja Celo Rey",5.10b,"El Potrero Chico"
